<?xml version="1.0" encoding="UTF-8"?>
<!DOCTYPE fontscolors PUBLIC "-//NetBeans//DTD Editor Fonts and Colors settings 1.1//EN" "http://www.netbeans.org/dtds/EditorFontsColors-1_1.dtd">
<fontscolors>
    <fontcolor foreColor="ffcedf99" name="PHP_VARIABLE">
        <font size="13" style="bold"/>
    </fontcolor>
    <fontcolor foreColor="ffdcdccc" name="mod-method">
        <font style="bold"/>
    </fontcolor>
    <fontcolor default="uncovered" name="uncovered"/>
    <fontcolor name="mod-private"/>
    <fontcolor name="mod-protected"/>
    <fontcolor default="identifier" foreColor="ffdcdccc" name="PHP_STRING"/>
    <fontcolor name="mod-deprecated" strikeThrough="darkGray"/>
    <fontcolor bgColor="ff496b49" name="mark-occurrences"/>
    <fontcolor name="mod-abstract">
        <font name="Consolas" style="plain"/>
    </fontcolor>
    <fontcolor default="field" name="mod-field"/>
    <fontcolor foreColor="ff6185a6" name="heredocdelimiter"/>
    <fontcolor foreColor="white" name="phpopenclose">
        <font style="bold"/>
    </fontcolor>
    <fontcolor default="covered" name="covered"/>
    <fontcolor foreColor="white" name="PHP_CONTENT"/>
    <fontcolor name="mod-public"/>
    <fontcolor name="mod-constructor">
        <font style="bold"/>
    </fontcolor>
    <fontcolor name="mod-local-variable"/>
    <fontcolor default="constant" foreColor="white" name="constant">
        <font style="italic"/>
    </fontcolor>
    <fontcolor foreColor="ff6185a6" name="mod-parameter"/>
    <fontcolor default="keyword" name="keyword"/>
    <fontcolor default="number" foreColor="ff8cd0d3" name="number"/>
    <fontcolor name="mod-static">
        <font style="italic"/>
    </fontcolor>
    <fontcolor default="partial" name="partial"/>
    <fontcolor default="inferred" name="inferred"/>
    <fontcolor default="operator" foreColor="ff9f9d6d" name="operator"/>
    <fontcolor foreColor="white" name="T_INLINE_HTML"/>
    <fontcolor name="mod-class">
        <font style="bold"/>
    </fontcolor>
    <fontcolor name="mod-unused" waveUnderlined="ff999999"/>
    <fontcolor default="comment" foreColor="ff9999ff" name="htmltag">
        <font style="bold"/>
    </fontcolor>
    <fontcolor default="string" name="string"/>
    <fontcolor name="mod-custom1">
        <font style="bold"/>
    </fontcolor>
    <fontcolor default="comment" name="phpdockeyword">
        <font style="bold"/>
    </fontcolor>
    <fontcolor default="comment" foreColor="ff7f9f7f" name="comment"/>
    <fontcolor default="identifier" foreColor="ff33ff33" name="identifier"/>
    <fontcolor default="separator" name="separator"/>
</fontscolors>
